{"faithfulness": 0.9563758025109408, "answer_relevancy": 0.9551145248605175, "answer_similarity": 0.925826854390457}