{"faithfulness": 0.9852269095557689, "answer_relevancy": 0.9238507617274047, "answer_similarity": 0.9645649652044082}