{"faithfulness": 0.947554607605243, "answer_relevancy": 0.9570022466614213, "answer_similarity": 0.9222386495397985}