{"faithfulness": 0.9749599839935975, "answer_relevancy": 0.9111494201995777, "answer_similarity": 0.936546656869549}