{"faithfulness": 0.9768456375838926, "answer_relevancy": 0.9155661995085764, "answer_similarity": 0.964353441957213}