{"faithfulness": 0.9642756680731366, "answer_relevancy": 0.8980452693122742, "answer_similarity": 0.9374914699142758}