{"faithfulness": 0.9826539451539452, "answer_relevancy": 0.9177744266919179, "answer_similarity": 0.964629787087325}